date,r_pct,sigma_pct
2020-01-02,0.83438953623158,0.8453450820886506
2020-01-03,-0.70849093649538,0.9189111585422154
2020-01-06,0.35271451942726,0.8871599708185393
2020-01-07,-0.28071750845946,0.8502718524070076
2020-01-08,0.48904734856413995,0.8404372220596975
2020-01-09,0.66332141169063,0.8647525777239768
2020-01-10,-0.28592624875063,0.8891047713481618
2020-01-13,0.69519940459343,0.8407566646607214
2020-01-14,-0.15156808368956,0.894232006520919
2020-01-15,0.18684502436876,0.8345858078729855
2020-01-16,0.83317474222326,0.8383912042001104
2020-01-17,0.38547232474837,0.91868015992698
2020-01-21,-0.26555003695847,0.8533711181255319
2020-01-22,0.028903429668140003,0.8395436180800645
2020-01-23,0.1140326193358,0.8331597596961986
2020-01-24,-0.90832894261936,0.8352322962251787
2020-01-27,-1.58557523568436,0.9220436326114758
2020-01-28,1.00033835003525,1.0882836789181518
2020-01-29,-0.08672501435853,0.9528921074010456
2020-01-30,0.31294569302104003,0.8331628436264857
2020-01-31,-1.78644435713621,0.8468390160690855
2020-02-03,0.7228425761232,1.148568471088548
2020-02-04,1.4869315917506298,0.8988398368672192
2020-02-05,1.11877786589733,1.076485119181257
2020-02-06,0.33201550570023,0.9799090594858815
2020-02-07,-0.54154910094599,0.848439736437234
2020-02-10,0.72996901205737,0.8641367610030863
2020-02-11,0.16870486860032,0.9000517960081215
2020-02-12,0.6441853105203,0.8374854016103674
2020-02-13,-0.16317763599893,0.8861242583170007
2020-02-14,0.18418360984853,0.8349479846205458
2020-02-18,-0.2924213986148,0.8382533945767041
2020-02-19,0.46947482842849,0.8411639828907861
2020-02-20,-0.38228174279967997,0.8624202882027284
2020-02-21,-1.0573809232820202,0.8478140339115339
2020-02-24,-3.4088079420440502,0.9527697199833259
2020-02-25,-3.07479043753531,1.7342035481705973
2020-02-26,-0.37856973235292,1.6039691975791919
2020-02-27,-4.51681363522622,0.8475021503681798
2020-02-28,-0.82724631096526,2.1847708318206727
2020-03-02,4.50108687694132,0.9069769059927758
2020-03-03,-2.85104849229149,2.202205906687935
2020-03-04,4.1336349360634,1.518808616583191
2020-03-05,-3.4510782439982104,2.050067111275548
2020-03-06,-1.7200943652385399,1.750914350442851
2020-03-09,-7.9010412940371895,1.12821071859284
2020-03-10,4.82150524258591,3.6394675098008467
2020-03-11,-5.01028928086055,2.33633939626388
2020-03-12,-9.99448524024728,2.3915929266129643
2020-03-13,8.88084069492354,4.561727139900777
2020-03-16,-12.7652197472817,4.095359161669451
2020-03-17,5.82263126356918,5.792221574617457
2020-03-18,-5.3222272332080305,2.7619778876550334
2020-03-19,0.46967609704012997,2.5236690817969682
2020-03-20,-4.43276240533672,0.8624438459313033
2020-03-23,-2.97315010095768,2.149847469156698
2020-03-24,8.9683232517963,1.5650542309017257
2020-03-25,1.14689904208225,4.1339160259720975
2020-03-26,6.05438310742467,0.9866381311412156
2020-03-27,-3.42678455416267,2.861597266098709
2020-03-30,3.29665905699751,1.7413044770104986
2020-03-31,-1.6142310788415701,1.7127108056340117
2020-04-01,-4.51463627327868,1.0966308209976887
2020-04-02,2.25726570569602,2.1838649153541225
2020-04-03,-1.5252860825945,1.3236348021368625
2020-04-06,6.7968244144831,1.071016776368786
2020-04-07,-0.16043390483631,3.1827583959124945
2020-04-08,3.3489371191285104,0.8348594533348681
2020-04-09,1.43834703036995,1.7333080237430896
2020-04-13,-1.0156059444677001,1.0627637472599194
2020-04-14,3.01145595723069,0.9437781599513612
2020-04-15,-2.2276732672368698,1.601764867015337
2020-04-16,0.5799837839541401,1.2933679939136566
2020-04-17,2.64409320213205,0.876668873729299
2020-04-20,-1.8042845615347798,1.4630606184090904
2020-04-21,-3.11551152363307,1.1541128113672892
2020-04-22,2.26713005821368,1.6196601973081755
2020-04-23,-0.0539567660196,1.327088495221383
2020-04-24,1.38220905668395,0.8328318659173288
2020-04-27,1.46068681817359,1.0472538115996972
2020-04-28,-0.5256170190484,1.069039336124468
2020-04-29,2.62367040450737,0.8622496692529935
2020-04-30,-0.92551433190548,1.4555128474965886
2020-05-01,-2.84602110147762,0.9253903345129362
2020-05-04,0.42408225788497,1.5169169573955517
2020-05-05,0.89999351977798,0.8573352295594445
2020-05-06,-0.70038803990426,0.9317775253566111
2020-05-07,1.14389557548904,0.8859091830966739
2020-05-08,1.6730795065226,0.985913877840278
2020-05-11,0.01330693667913,1.1314308731867442
2020-05-12,-2.07133657720479,0.8329705132489681
2020-05-13,-1.76169966242802,1.2403607185348469
2020-05-14,1.1458917804072,1.1409273027567246
2020-05-15,0.39186752037227,0.9863950937707945
2020-05-18,3.10152087700732,0.8540045584699617
2020-05-19,-1.05397477115989,1.6365257203519985
2020-05-20,1.6513990613415,0.9520258643598508
2020-05-21,-0.78039683099531,1.124848477875052
2020-05-22,0.23509456868122,0.8988317221054192
2020-05-26,1.22142850214599,0.8411814695828025
2020-05-27,1.47184474903152,1.0050253015880855
2020-05-28,-0.21101393249196,1.0721953192910447
2020-05-29,0.48007935523077,0.836782883875713
2020-06-01,0.37442164783634,0.8636735691731753
2020-06-02,0.81773072824002,0.8522983536624748
2020-06-03,1.35566708125622,0.9157667833890748
2020-06-04,-0.33743890836088003,1.040053893506143
2020-06-05,2.5874012821637,0.8442598974577809
2020-06-08,1.19696564058049,1.4421556815653662
2020-06-09,-0.78297434197214,0.9989032118790615
2020-06-10,-0.53272557351817,0.8992689114281932
2020-06-11,-6.07526929962887,0.8630847992909921
2020-06-12,1.2976286605210698,2.845792410180525
2020-06-15,0.82778608181754,1.0246190530383028
2020-06-16,1.8784852866710702,0.9176587075888155
2020-06-17,-0.36067962326296,1.1959483166739406
2020-06-18,0.059404340380269996,0.8460436708001863
2020-06-19,-0.5665513565674001,0.8337005428233532
2020-06-22,0.64740932966582,0.8672094265452919
2020-06-23,0.42981691914842,0.8866212523628114
2020-06-24,-2.61952655956623,0.8579524677272993
2020-06-25,1.08998277282168,1.4328098065401127
2020-06-26,-2.45252042748305,0.9731410775359055
2020-06-29,1.45788881135331,1.37234209191882
2020-06-30,1.52923494357555,1.0682501690612776
2020-07-01,0.50095639758716,1.088649380645356
2020-07-02,0.45309704768161,0.8662124383537122
2020-07-06,1.5756930832163,0.860533125354331
2020-07-07,-1.08774778696432,1.1022325832551403
2020-07-08,0.7796986263430801,0.9594841794240065
2020-07-09,-0.56595914761956,0.908779208982576
2020-07-10,1.04118097744443,0.8671350842971477
2020-07-13,-0.94066452160586,0.9619607129612442
2020-07-14,1.33173005829032,0.9283841343907282
2020-07-15,0.90410569363541,1.0336359893079452
2020-07-16,-0.34119152141141,0.9326092319458765
2020-07-17,0.28445625875832004,0.8445394038687122
2020-07-20,0.8371797255140401,0.8446044405610555
2020-07-21,0.16776293345603,0.9194427368627032
2020-07-22,0.57306305944724,0.8374405143189124
2020-07-23,-1.23963784122462,0.8757004423883487
2020-07-24,-0.62096400242754,0.9952081739494033
2020-07-27,0.73679288214822,0.8743598019730949
2020-07-28,-0.64944354186469,0.901221469133164
2020-07-29,1.23517833517432,0.8783513227693432
2020-07-30,-0.37573017634553,1.0085027906436308
2020-07-31,0.76412362421756,0.8472657167191164
2020-08-03,0.71553626643598,0.9059954186325202
2020-08-04,0.36054230261334996,0.8976074861192642
2020-08-05,0.64091604355169,0.8509902537957991
2020-08-06,0.64071260206652,0.8856224318680125
2020-08-07,0.06328292699571,0.8855912753691422
2020-08-10,0.27384652733921,0.8337854816443039
2020-08-11,-0.8001055401377801,0.8438205399909698
2020-08-12,1.3899502293613202,0.9022071683671181
2020-08-13,-0.20492726761567,1.0493700311607452
2020-08-14,-0.017189739627800002,0.8365188717300849
2020-08-17,0.27061775074237,0.832771308202663
2020-08-18,0.2300740419816,0.8435872011451164
2020-08-19,-0.44141233451816997,0.8408654258761982
2020-08-20,0.31536547683455,0.8532079952288045
2020-08-21,0.34351999829738,0.8470374832653859
2020-08-24,0.99936153649018,0.8494459014983418
2020-08-25,0.35898997455401,0.9526785034164725
2020-08-26,1.01440013448428,0.8508466762964876
2020-08-27,0.16716460318093,0.9559841713326279
2020-08-28,0.67100028495694,0.8374121114919273
2020-08-31,-0.21973751755091,0.8903213989638691
2020-09-01,0.7496831420706199,0.837176757857401
2020-09-02,1.52490501438702,0.9034553303672906
2020-09-03,-3.57575941421863,1.0873952543985117
2020-09-04,-0.81662807542741,1.8004722308788557
2020-09-08,-2.81488290864668,0.9050942130334327
2020-09-09,1.9944760662180898,1.5052233782864248
2020-09-10,-1.77412459253964,1.2339510351529888
2020-09-11,0.05329301580871,1.144756958086982
2020-09-14,1.26613350250242,0.8335741081198472
2020-09-15,0.52057859304994,1.0164260476772327
2020-09-16,-0.46296468921517997,0.8686845905481289
2020-09-17,-0.8447949528552099,0.8553714716241181
2020-09-18,-1.12455769478287,0.9101348774255389
2020-09-21,-1.1638564027299099,0.9678195843798791
2020-09-22,1.04630163983774,0.9769501505230413
2020-09-23,-2.40073389143749,0.9631164183392285
2020-09-24,0.29830055546291,1.3538908227861042
2020-09-25,1.5850439224188,0.8456667784454746
2020-09-28,1.59821918538547,1.104994179034691
2020-09-29,-0.48242827044439995,1.1089006800459789
2020-09-30,0.82198425683799,0.8574148785423538
2020-10-01,0.52789495642944,0.9165648386107509
2020-10-02,-0.9623812866371,0.8696275152936338
2020-10-05,1.7813109002901202,0.932745715049733
2020-10-06,-1.40720643875233,1.1649572187645103
2020-10-07,1.7247163770241098,1.0384215385627007
2020-10-08,0.79782128948693,1.147290444553431
2020-10-09,0.87550951807529,0.912075469880037
2020-10-12,1.62825301583247,0.9268865717338151
2020-10-13,-0.6326891629163,1.117872332099102
2020-10-14,-0.66451720840596,0.87598262117858
2020-10-15,-0.1528923514213,0.8805321442288181
2020-10-16,0.01349104566301,0.8346254755554984
2020-10-19,-1.64646635149416,0.8329724024698477
2020-10-20,0.47161953200003,1.1061250455722536
2020-10-21,-0.21981140115698,0.8626717738481225
2020-10-22,0.52053540034915,0.8371801715744894
2020-10-23,0.34398383203892,0.8686790579413343
2020-10-26,-1.87644729853211,0.8494871044953005
2020-10-27,-0.30302053504467,1.1768318307045018
2020-10-28,-3.5925542108577297,0.8418500400839263
2020-10-29,1.1876524939998099,1.807177066828565
2020-10-30,-1.22037134452615,0.9965945800062351
2020-11-02,1.22429508905916,0.9904868755380478
2020-11-03,1.7642737684077698,1.0057481446282175
2020-11-04,2.18075256550918,1.1596082983082638
2020-11-05,1.9273265776702,1.2970498698801536
2020-11-06,-0.0287756585374,1.2118216471639576
2020-11-09,1.16319747463435,0.8327549122735921
2020-11-10,-0.14007752208673002,0.9905912500695545
2020-11-11,0.76227283629926,0.8342594107416593
2020-11-12,-1.00286515470706,0.9056676565675316
2020-11-13,1.35185467062939,0.9410935092243113
2020-11-16,1.15807349228322,1.039026900308166
2020-11-17,-0.48034437846471,0.9893442900802963
2020-11-18,-1.1631210647481098,0.8571920526393179
2020-11-19,0.39386756907333004,0.9767771473607072
2020-11-20,-0.68157373729196,0.854204556392953
2020-11-23,0.56201081818496,0.8830561987931341
2020-11-24,1.6032458814033,0.874174667502326
2020-11-25,-0.15856747555105,1.1103958318024716
2020-11-27,0.23941110259020001,0.8348002682176998
2020-11-30,-0.4606140636973,0.8414579525718705
2020-12-01,1.12081406615942,0.8551304307470743
2020-12-02,0.17895645286039,0.9803923630403419
2020-12-03,-0.06243520802939,0.8379876466775004
2020-12-04,0.87974637151866,0.8328924752678384
2020-12-07,-0.1937513438964,0.9277254111788538
2020-12-08,0.27832711701716,0.8360572630938938
2020-12-09,-0.7980964948472999,0.8441483827400249
2020-12-10,-0.12859345277718,0.9018596709157901
2020-12-11,-0.12657980842316,0.8339651109005288
2020-12-14,-0.43687882451467996,0.8339167977296101
2020-12-15,1.2838482022218,0.8527662566000697
2020-12-16,0.17712256203239002,1.021018144355262
2020-12-17,0.57411428089828,0.8378959570825781
2020-12-18,-0.35172969521486,0.8758468975119005
2020-12-21,-0.39139284869094,0.8453418681417106
2020-12-22,-0.20752446917704,0.8485930073362709
2020-12-23,0.0745533271818,0.836630439795987
2020-12-24,0.35303499794867,0.8340529792866461
2020-12-28,0.86847075384124,0.8503009899562136
2020-12-29,-0.22298648272798,0.9254999959902053
2020-12-30,0.13406480950806,0.8373281075168394
2020-12-31,0.64182047117036,0.8359744907904033
2021-01-04,-1.48647627120261,0.885761043744007
2021-01-05,0.70576313833612,1.0601202301283326
2021-01-06,0.56936033824754,0.8959752758589916
2021-01-07,1.47382601077517,0.8751864246711766
2021-01-08,0.54768373935161,1.07275719937062
2021-01-11,-0.6576327616620801,0.8722350439782376
2021-01-12,0.0415702030569,0.8795302984232392
2021-01-13,0.22730563867252,0.8333569329794291
2021-01-14,-0.37605130687428,0.8406937007672397
2021-01-15,-0.72160007982784,0.8472923620715933
2021-01-19,0.81034576357623,0.8892114825993074
2021-01-20,1.3839417376510998,0.9143890670822825
2021-01-21,0.03166731613131,1.0477268429781503
2021-01-22,-0.30151526629378,0.8331994600309809
2021-01-25,0.36093175130176003,0.8417509947186418
2021-01-26,-0.14899431611539,0.8510263607672026
2021-01-27,-2.60133151261001,0.8345099242706716
2021-01-28,0.97132987787595,1.4261541206281125
2021-01-29,-1.9500377654791698,0.9466151601533239
2021-02-01,1.5924300234678002,1.200462494012703
2021-02-02,1.3802528814311499,1.1071819643686474
2021-02-03,0.10082606153449,1.0467202063227385
2021-02-04,1.07948476439219,0.8347958863177339
2021-02-05,0.38899196077633,0.9707049302955689
2021-02-08,0.73721074762893,0.8537185935425528
2021-02-09,-0.1114145421722,0.9012933857598316
2021-02-10,-0.0345244522391,0.8335845008669467
2021-02-11,0.16610748145886,0.8327588958340401
2021-02-12,0.46999709261612,0.8373621390644217
2021-02-16,-0.05694345154143,0.8624814356010191
2021-02-17,-0.03204533489178,0.8328512226975523
2021-02-18,-0.44256142272427,0.8327561921841953
2021-02-19,-0.18566190956654,0.853320699354528
2021-02-22,-0.77628928937105,0.8357418645192501
2021-02-23,0.12555296115266,0.898137670261339
2021-02-24,1.12876676709863,0.8356473226653766
2021-02-25,-2.4783394424172602,0.9822858932849261
2021-02-26,-0.47615322937986,1.3815960925013353
2021-03-01,2.35121732256935,0.8567468357626912
2021-03-02,-0.8113678739508801,1.356761833720598
2021-03-03,-1.31523358948015,0.9041694429952719
2021-03-04,-1.35080380643906,1.0142369673729834
2021-03-05,1.93083563387101,1.0234595325986213
2021-03-08,-0.53736432240256,1.2129694233624304
2021-03-09,1.40554007439313,0.8636357252598598
2021-03-10,0.60122037709877,1.0536539189888292
2021-03-11,1.03418255006566,0.8797027405705803
2021-03-12,0.10148833275316,0.9603879008480448
2021-03-15,0.64709395394135,0.8348167686387483
2021-03-16,-0.15709169785971,0.8865725435791545
2021-03-17,0.28752446501592,0.8347540662253069
2021-03-18,-1.48705600659475,0.8448360302597335
2021-03-19,-0.060288567375359994,1.0602817081410676
2021-03-22,0.70005568983422,0.8328754773925606
2021-03-23,-0.76601181193343,0.8950306954971143
2021-03-24,-0.54823366003482,0.896415431819748
2021-03-25,0.52265834327283,0.8649449958882999
2021-03-26,1.64944186587163,0.8689514612340014
2021-03-29,-0.08683896263868,1.124256525009121
2021-03-30,-0.31628294096499004,0.8331644497802533
2021-03-31,0.36159535924209,0.8427457279921651
2021-04-01,1.1755830427674099,0.8510879655011641
2021-04-05,1.43349877622434,0.9936210129426141
2021-04-06,-0.09740049407973,1.0614094752567556
2021-04-07,0.14741456981077,0.8333270084286135
2021-04-08,0.42117509405911996,0.8365226880886502
2021-04-09,0.76902881356879,0.8570251220836577
2021-04-12,-0.01960980747401,0.9068672223763857
2021-04-13,0.3289071877063,0.8327651858822082
2021-04-14,-0.40961043207302994,0.8481731063504386
2021-04-15,1.10331014011197,0.8502077235215268
2021-04-16,0.36023233905169,0.9762579822763628
2021-04-19,-0.53206898937574,0.8509615408376464
2021-04-20,-0.6825561005077999,0.8630071989637565
2021-04-21,0.9263020919853201,0.8832033828730256
2021-04-22,-0.92533378605548,0.9371489200650106
2021-04-23,1.08694098955322,0.9253549017194724
2021-04-26,0.17806845645829,0.9724334732550046
2021-04-27,-0.02149189814453,0.8379431489895366
2021-04-28,-0.08458975873963,0.8327614092065752
2021-04-29,0.67400415367036,0.8331333294304196
2021-04-30,-0.72207134171211,0.890800522870917
2021-05-03,0.27443216495122,0.8892858733062081
2021-05-04,-0.6700737489847299,0.8438631243200769
2021-05-05,0.07032164471141,0.8813478619775615
2021-05-06,0.8132299498631901,0.8339489352523394
2021-05-07,0.7346291419187501,0.9149259420318323
2021-05-10,-1.04904805031385,0.9008496153354321
2021-05-11,-0.87117501417814,0.9509532805742821
2021-05-12,-2.16827823583027,0.9149898722001714
2021-05-13,1.20996445780932,1.2730315492027393
2021-05-14,1.48077785636235,1.0021459006006441
2021-05-17,-0.25332581839609,1.0747322508302117
2021-05-18,-0.85537723840332,0.838863150824999
2021-05-19,-0.29477518113782003,0.9120669860832156
2021-05-20,1.04994293345086,0.8413140498181826
2021-05-21,-0.07841880752526,0.963940747307212
2021-05-24,0.98624974812153,0.8330542579508837
2021-05-25,-0.21275454008282,0.9498263389670439
2021-05-26,0.18750575506114,0.8368600170344394
2021-05-27,0.11646360898627,0.8384256788564853
2021-05-28,0.0768586452887,0.8353172121726584
2021-06-01,-0.04924547586302,0.8341114841976769
2021-06-02,0.14458890369013,0.8328057413223351
2021-06-03,-0.36353030560487,0.8364030836586723
2021-06-04,0.87953033830157,0.846271108633216
2021-06-07,-0.07970562694215,0.9276825630606692
2021-06-08,0.01750095494408,0.833069983186735
2021-06-09,-0.18255325906153,0.8330155933911981
2021-06-10,0.46414547764630004,0.8356248487355022
2021-06-11,0.19465389328079,0.8617997372814091
2021-06-14,0.18135563851373,0.8388052928795491
2021-06-15,-0.20137199542773002,0.8381088115412015
2021-06-16,-0.54047037470255,0.8363687722880899
2021-06-17,-0.04358105436725,0.8640072421805425
2021-06-18,-1.32113556872841,0.8327814776789951
2021-06-21,1.3905163512319498,1.0157555555211306
2021-06-22,0.51114063789903,1.0495250793761093
2021-06-23,-0.10838705186486,0.8674851839994899
2021-06-24,0.5794429545916899,0.8335248395742022
2021-06-25,0.33250631646861,0.8765928342611463
2021-06-28,0.23122888604730998,0.848482041144537
2021-06-29,0.027729774268609998,0.8409375965592597
2021-06-30,0.13272784229076,0.833143462540241
2021-07-01,0.52080414322546,0.8359219483843521
2021-07-02,0.74720958946912,0.8687134880447767
2021-07-06,-0.20239027700217002,0.9030242064982023
2021-07-07,0.33533465536628004,0.8364114529041203
2021-07-08,-0.8597881009555001,0.8487269047130205
2021-07-09,1.1214825902413799,0.9128784484699777
2021-07-12,0.34452326955936,0.9805511757886027
2021-07-13,-0.35230111811657,0.849535085484483
2021-07-14,0.11642565654685,0.8453861197600989
2021-07-15,-0.32675735627449,0.8353158755260311
2021-07-16,-0.75674150068127,0.8434823066883441
2021-07-19,-1.59967813999841,0.8948796331773671
2021-07-20,1.5048806004799,1.092380648306156
2021-07-21,0.82080416621437,1.0816221072151384
2021-07-22,0.20146392092428,0.916343096557639
2021-07-23,1.00943323862559,0.8391782627434164
2021-07-26,0.23793669227281,0.9548883469268813
2021-07-27,-0.47235833821764994,0.8413630193393998
2021-07-28,-0.01862792315527,0.8563470969174941
2021-07-29,0.41973318452725994,0.8327674981421674
2021-07-30,-0.5420713608261299,0.8568720129662118
2021-08-02,-0.18445056700606,0.8641995578990576
2021-08-03,0.8169961338918299,0.8356959906093889
2021-08-04,-0.46431506612964996,0.9156292922307873
2021-08-05,0.59874859904205,0.8555105046248659
2021-08-06,0.1673864548529,0.8793448179740708
2021-08-09,-0.09403502649565,0.8374226328353711
2021-08-10,0.0992186953864,0.8332722686229654
2021-08-11,0.1274930718015,0.834745644283652
2021-08-12,0.41378077354785,0.8357203605189749
2021-08-13,0.16060163209238998,0.8562448724218663
2021-08-16,0.26174222619932,0.8371061890358956
2021-08-17,-0.70857435071367,0.8429583544824225
2021-08-18,-1.08066528452557,0.887172915670152
2021-08-19,0.12559032561583,0.9579049309385633
2021-08-20,0.81086038907418,0.8356487207407791
2021-08-23,0.84876679844114,0.9144847497628749
2021-08-24,0.14946188019617002,0.9216652954141074
2021-08-25,0.22176574032517,0.8366105433689677
2021-08-26,-0.58419498276034,0.840355500253111
2021-08-27,0.87690715404527,0.8694588596498125
2021-08-30,0.4297324106874,0.9271629351172865
2021-08-31,-0.13500269158921,0.8579433186978167
2021-09-01,0.031164006095169998,0.8341254228980558
2021-09-02,0.28386057544054,0.8331920923559373
2021-09-03,-0.03350872611811,0.844559732444492
2021-09-07,-0.34013524523217,0.8327576073506681
2021-09-08,-0.13194368138158,0.8444603968953702
2021-09-09,-0.46162471500020996,0.8340476684171432
2021-09-10,-0.77525522862771,0.8552339142189803
2021-09-13,0.22739003463705001,0.897963459985743
2021-09-14,-0.5763213966258001,0.8406989091121189
2021-09-15,0.84382942220795,0.86844678444184
2021-09-16,-0.15523447127652,0.9207152840122187
2021-09-17,-0.9152630275797999,0.8346966696713212
2021-09-20,-1.7123077726381501,0.9233876476752668
2021-09-21,-0.08126886585468,1.1258493996120211
2021-09-22,0.9474585224218399,0.8330896275389069
2021-09-23,1.20616803699373,0.9415541923888009
2021-09-24,0.14599428113637,1.0011963962409582
2021-09-27,-0.27802439201884,0.8364623307638275
2021-09-28,-2.05743177398929,0.8402745753114617
2021-09-29,0.15679543362843,1.2357300704566236
2021-09-30,-1.19812029450159,0.8369334936548063
2021-10-01,1.1425952113334799,0.9851010228302839
2021-10-04,-1.30709520486433,0.9856007191374717
2021-10-05,1.04695174986009,1.012150644914502
2021-10-06,0.40943993496237996,0.9632634398366114
2021-10-07,0.82640392250663,0.855792523418311
2021-10-08,-0.19155566024213,0.9173975609640548
2021-10-11,-0.68894416443399,0.8359700997454723
2021-10-12,-0.24197056865542,0.8841652796093679
2021-10-13,0.30179558702307,0.8382629087157901
2021-10-14,1.6919162285711602,0.8459420127462781
2021-10-15,0.74325206371899,1.1371869229244134
2021-10-18,0.33690878018042003,0.9023368639955239
2021-10-19,0.73661427842353,0.8488639808284693
2021-10-20,0.36573335985607003,0.9011907408079453
2021-10-21,0.29913931683598,0.8514743712774652
2021-10-22,-0.10731292246628,0.8457325724163169
2021-10-25,0.47369594408532,0.8335042064995192
2021-10-26,0.18181414322437,0.862916210526878
2021-10-27,-0.50643703711052,0.8381321235018402
2021-10-28,0.97812884241843,0.8600516873307086
2021-10-29,0.19474372317169,0.9480739409250916
2021-11-01,0.17984589459025,0.8388101408552483
2021-11-02,0.36736071203886,0.8380324054721398
2021-11-03,0.6440494612888801,0.8516274008220082
2021-11-04,0.41732223428175996,0.8861033627196088
2021-11-05,0.37258500452849996,0.8566170433534048
2021-11-08,0.0887394060701,0.8521227403755333
2021-11-09,-0.35049109263987,0.8344333876518781
2021-11-10,-0.82598421638611,0.8452462100555799
2021-11-11,0.05507883329886999,0.9067520129945886
2021-11-12,0.7196697564129501,0.8336101177153009
2021-11-15,-0.0010739878016252646,0.898303408455794
2021-11-16,0.38577790571263004,0.8328484014779759
2021-11-17,-0.26050154828958,0.8534011756059936
2021-11-18,0.33790647401712004,0.8392582868549073
2021-11-19,-0.13996446049873001,0.8489511554793525
2021-11-22,-0.32022583169606,0.8342563577757269
2021-11-23,0.16557613831942,0.8430199805558676
2021-11-24,0.22912237766679,0.837337122281611
2021-11-26,-2.29870111593211,0.8408061894880292
2021-11-29,1.31138360828231,1.3179872870876106
2021-11-30,-1.91433811878489,1.0282380241820375
2021-12-01,-1.1885541457957,1.1889424034185354
2021-12-02,1.4094638396057801,0.9828078342184997
2021-12-03,-0.84844551417386,1.0547367300159052
2021-12-06,1.16625993096857,0.9107990445833972
2021-12-07,2.0495603186253297,0.991338334362055
2021-12-08,0.30805355865854,1.2523568312024915
2021-12-09,-0.72069882325234,0.8464419079317302
2021-12-10,0.9503769118209601,0.8890693389588543
2021-12-13,-0.91781583427934,0.942167806099064
2021-12-14,-0.74987228546241,0.9238846136574952
2021-12-15,1.62162673518917,0.8937524808003566
2021-12-16,-0.87818633111123,1.115885066276208
2021-12-17,-1.03409645840546,0.9163017859597055
2021-12-20,-1.14533983232565,0.9477225361328596
2021-12-21,1.76217553851962,0.9726186662626198
2021-12-22,1.0128728029126601,1.158951346218959
2021-12-23,0.62044126852516,0.9556467799529236
2021-12-27,1.37440515736066,0.882528891236203
2021-12-28,-0.1010665398887,1.045127862313721
2021-12-29,0.14009134018574998,0.8333897656112027
2021-12-30,-0.29942338419051,0.8362166650217874
2021-12-31,-0.26296343734735,0.841614236831138
2022-01-03,0.63538241703877,0.8393966720897258
2022-01-04,-0.06298202522039001,0.8847779574711552
2022-01-05,-1.9583264304500798,0.832896984191809
2022-01-06,-0.09642337401807001,1.2031521150630864
2022-01-07,-0.40584410823356,0.8333108321857366
2022-01-10,-0.14420705375393,0.8498676610090472
2022-01-11,0.91182864523986,0.8343730380191594
2022-01-12,0.28137920146669,0.9341791430039147
2022-01-13,-1.43460292343995,0.8443743869524997
2022-01-14,0.08196442695904001,1.045834130020455
2022-01-18,-1.85591053980083,0.8342456388651237
2022-01-19,-0.9736790941460001,1.170319387287047
2022-01-20,-1.10987423043322,0.9350471127247764
2022-01-21,-1.9095995324635202,0.9644691150352835
2022-01-24,0.27679047582704,1.1874212270676128
2022-01-25,-1.22465905568667,0.8440354189407684
2022-01-26,-0.14977569258860002,0.9915329738740503
2022-01-27,-0.5398635199970401,0.8345327927318223
2022-01-28,2.40559679147356,0.8639344906686403
2022-01-31,1.87098262229845,1.376165117730957
2022-02-01,0.68395603483182,1.1935271288504186
2022-02-02,0.93784004483232,0.8924006647967643
2022-02-03,-2.46934717201199,0.9395419948667167
2022-02-04,0.51436784398628,1.3783690343899517
2022-02-07,-0.37085809278281,0.8678931556788961
2022-02-08,0.83661134666339,0.846864385360684
2022-02-09,1.4412842079265,0.9193343368807974
2022-02-10,-1.82818244850562,1.0635855332225468
2022-02-11,-1.91516826380855,1.1615852414938377
2022-02-14,-0.3847990755629,1.1892090891447478
2022-02-15,1.56437176460642,0.8480273479292563
2022-02-16,0.08808197202831,1.0989013238760112
2022-02-17,-2.14005041369365,0.8344146824983363
2022-02-18,-0.71919616638655,1.2634500497180683
2022-02-22,-1.01947354350162,0.8888327051971343
2022-02-23,-1.8583735748787598,0.9445984907109755
2022-02-24,1.48461052527242,1.1710985057848444
2022-02-25,2.21260805512653,1.0758234701759992
2022-02-28,-0.24455914631271,1.3080737523488388
2022-03-01,-1.55944677866113,0.8383970383725299
2022-03-02,1.84710467806503,1.0807506837844694
2022-03-03,-0.52685207442451,1.185852557717927
2022-03-04,-0.7965684543002199,0.8623939727036171
2022-03-07,-2.99625868144151,0.9015958885832341
2022-03-08,-0.72600439756982,1.5738695367063962
2022-03-09,2.5373598122140297,0.8899084518259148
2022-03-10,-0.43010499202472996,1.4238279435178982
2022-03-11,-1.30462789332383,0.8521149006873207
2022-03-14,-0.74486750955333,1.0115199050239208
2022-03-15,2.11826297241461,0.8929371036155332
2022-03-16,2.21369216483928,1.2756161076348533
2022-03-17,1.22722050687009,1.308450048138234
2022-03-18,1.15948144118878,1.006486992252462
2022-03-21,-0.043475485430189996,0.9896865462904751
2022-03-22,1.12406995540741,0.832781099541575
2022-03-23,-1.23486302524948,0.981166450418977
2022-03-24,1.42420122816186,0.9940331349509791
2022-03-25,0.50533807042363,1.0588201072260872
2022-03-28,0.71195510200432,0.8667572834801963
2022-03-29,1.2182044101392,0.8970072370342794
2022-03-30,-0.6313588999089901,1.004213668162654
2022-03-31,-1.57763352268816,0.8757970585379209
2022-04-01,0.34044209614626997,1.0859860924558582
2022-04-04,0.8058382532134,0.8491737365937698
2022-04-05,-1.26311590740062,0.9135530812279938
2022-04-06,-0.9764433912478001,1.0010329572617382
2022-04-07,0.42443655520365,0.9356135540345886
2022-04-08,-0.26545466755525,0.8573731513158331
2022-04-11,-1.70213345846956,0.8395381718941881
2022-04-12,-0.34233005304534997,1.122772992569123
2022-04-13,1.1112603268902101,0.8446248547016629
2022-04-14,-1.22184803835079,0.9781300972417108
2022-04-18,-0.02048892724069,0.9908468537079048
2022-04-19,1.59300447493873,0.8327633145804512
2022-04-20,-0.061866640618289996,1.1073523556828935
2022-04-21,-1.48628555513106,0.8328878640815823
2022-04-22,-2.81320763773678,1.060067117222434
2022-04-25,0.5681765144112499,1.504595373954069
2022-04-26,-2.85500089285974,0.8750226901599417
2022-04-27,0.20958490249647,1.5202965002273612
2022-04-28,2.44456553408323,0.8396374392968052
2022-04-29,-3.6959159784695204,1.3901680916503236
2022-05-02,0.56591992938184,1.848586277496169
2022-05-03,0.48254650753598,0.8747113961625602
2022-05-04,2.94252215573269,0.8639686656757017
2022-05-05,-3.63006775640997,1.5753460622650435
2022-05-06,-0.56903844139526,1.822177395865763
2022-05-09,-3.25615195396036,0.8675224642693485
2022-05-10,0.24548817604088,1.6742648849993051
2022-05-11,-1.66002320956977,0.8418546462448222
2022-05-12,-0.12968049941122,1.1101503122170826
2022-05-13,2.35892679568685,0.8339916004383541
2022-05-16,-0.39542085177224007,1.359502716312296
2022-05-17,1.9968919581462001,0.8489434757400368
2022-05-18,-4.12338092912474,1.234753595344191
2022-05-19,-0.5850864777348901,2.022199422800809
2022-05-20,0.01461310919914,0.8695742887258816
2022-05-23,1.83849954120596,0.8329840945371587
2022-05-24,-0.81539509035568,1.1830985184604625
2022-05-25,0.94063856489317,0.9048769770853481
2022-05-26,1.96881660077199,0.9401258370249093
2022-05-27,2.44411301958216,1.2254540488958645
2022-05-31,-0.62941351936665,1.3900050253997955
2022-06-01,-0.7510905041154801,0.875526357473806
2022-06-02,1.8263225415545,0.8939516990436347
2022-06-03,-1.64824056098176,1.1792120617861965
2022-06-06,0.31324894070365,1.1066507587936243
2022-06-07,0.9478331531719,0.8468638138035199
2022-06-08,-1.0852623040154399,0.9416328812493597
2022-06-09,-2.4086457665156,0.9589290587318056
2022-06-10,-2.95424148114094,1.356700110370035
2022-06-13,-3.9539931990040205,1.5578556388269074
2022-06-14,-0.37808180394893,1.952982607909314
2022-06-15,1.44870588365346,0.8474613909240827
2022-06-16,-3.3052207113840297,1.0656665087507415
2022-06-17,0.21984473410121003,1.6934585764590975
2022-06-21,2.41824749606731,0.8402399220781805
2022-06-22,-0.13024200953584,1.3807021519049223
2022-06-23,0.9487072485557101,0.8340053955920674
2022-06-24,3.01055397299006,0.9418165713559046
2022-06-27,-0.29774998903402,1.601418116005192
2022-06-28,-2.03486731494955,0.841505580032644
2022-06-29,-0.07119988201722001,1.2282462393328923
2022-06-30,-0.87978662463683,0.8329735008325637
2022-07-01,1.04985112966407,0.9166024823155636
2022-07-05,0.15828751061928,0.9639199388669857
2022-07-06,0.35667957050655,0.8370007788531377
2022-07-07,1.48537231809307,0.850634000679639
2022-07-08,-0.08306163961275,1.0760405617955682
2022-07-11,-1.15944176605253,0.8331128871322936
2022-07-12,-0.92868684974938,0.9759127427069105
2022-07-13,-0.44668641118157,0.9260138950793537
2022-07-14,-0.30031388127653,0.8537277419749515
2022-07-15,1.9019231658633702,0.8416723275345265
2022-07-18,-0.8398742485836,1.203541610678128
2022-07-19,2.72535176437305,0.9092435560275897
2022-07-20,0.58784939410578,1.4932743075411616
2022-07-21,0.9813066689504799,0.8777816461626798
2022-07-22,-0.93762872938132,0.9487583880724899
2022-07-25,0.13143029733057998,0.9277809968462948
2022-07-26,-1.16103425992637,0.8358713662722499
2022-07-27,2.58200487786286,0.9762866281968399
2022-07-28,1.2060319791912,1.4401735213584614
2022-07-29,1.41077757817544,1.0011624048931933
2022-08-01,-0.2827076544916,1.055099684374168
2022-08-02,-0.6684688378872,0.840558516687649
2022-08-03,1.5517456270091001,0.881111604568889
2022-08-04,-0.07776424495844,1.0952021339680256
2022-08-05,-0.16270690189177,0.8330464134139877
2022-08-08,-0.12383171221212999,0.8349326664452503
2022-08-09,-0.4257744235927,0.8338524477019968
2022-08-10,2.10671584604078,0.8517039403536535
2022-08-11,-0.07057229222019999,1.271684012194384
2022-08-12,1.71740469514922,0.8329670784170119
2022-08-15,0.39616840562342,1.1450294452458054
2022-08-16,0.18739228259469998,0.8544357470477147
2022-08-17,-0.72641148676471,0.8384197508531038
2022-08-18,0.22669896063849,0.8899730677195847
2022-08-19,-1.2983928713039101,0.8406563102836913
2022-08-22,-2.16323664664948,1.0099296786426426
2022-08-23,-0.22403704344373002,1.2713162444536357
2022-08-24,0.29119166987232,0.8373775872208524
2022-08-25,1.3993241836107702,0.8451157093161804
2022-08-26,-3.42685763170393,1.0519423542276098
2022-08-29,-0.6688675197326,1.7413333609351729
2022-08-30,-1.10894164921155,0.8811702447804772
2022-08-31,-0.7847738208153999,0.9642574552354478
2022-09-01,0.29917522671958,0.8995748941399736
2022-09-02,-1.0794552570724,0.8457353928999134
2022-09-06,-0.41034646908961003,0.9576359210348935
2022-09-07,1.81748486661703,0.8502745593461398
2022-09-08,0.6588966880441299,1.1763993438507532
2022-09-09,1.51560149812119,0.8884090740099948
2022-09-12,1.0528651483996299,1.084707509385015
2022-09-13,-4.41991630319744,0.964603792875628
2022-09-14,0.33812890788453,2.1445185811033647
2022-09-15,-1.13822721681504,0.8489706220499075
2022-09-16,-0.7208049775663,0.9709687259584194
2022-09-19,0.68336977247049,0.8890860728838482
2022-09-20,-1.13361147365989,0.8923058572786083
2022-09-21,-1.72646740985076,0.9699021453929255
2022-09-22,-0.8463293830454,1.1301477877633428
2022-09-23,-1.7382828767329799,0.910413742771993
2022-09-26,-1.0394360890281,1.1337495069096073
2022-09-27,-0.21226109548244002,0.9488721100153114
2022-09-28,1.9481144181153098,0.8368380768124682
2022-09-29,-2.13527948230982,1.2186352189001917
2022-09-30,-1.5181351546209099,1.2618360785139973
2022-10-03,2.55545775309293,1.0689959257867736
2022-10-04,3.01253414168005,1.4304425091493642
2022-10-05,-0.20199875589383,1.602179391392414
2022-10-06,-1.02979229113948,0.836395013094314
2022-10-07,-2.84031965314781,0.9467993119863536
2022-10-10,-0.75206731336532,1.5147729011957543
2022-10-11,-0.65405184123239,0.8941116498160817
2022-10-12,-0.32961996501654,0.8790130581411568
2022-10-13,2.56342593076315,0.8436880811549766
2022-10-14,-2.3947120744528703,1.4333597727484708
2022-10-17,2.61355245575618,1.3517550157826224
2022-10-18,1.13627682070873,1.4517805187107593
2022-10-19,-0.6694455239685401,0.9840826354624592
2022-10-20,-0.79826867387655,0.8812553186133064
2022-10-21,2.34477598604474,0.9018894218445918
2022-10-24,1.18119402051117,1.3544743631270666
2022-10-25,1.61357700158735,0.9950008140647791
2022-10-26,-0.7415140398988299,1.1134768708837945
2022-10-27,-0.61011850531844,0.8923935209929944
2022-10-28,2.43280367708553,0.8728844476780587
2022-10-31,-0.74823270303365,1.3859331259248293
2022-11-01,-0.41096637203583003,0.8934848168930604
2022-11-02,-2.5319843737483,0.8503309456522498
2022-11-03,-1.06424225319567,1.400936119555289
2022-11-04,1.35268232855629,0.9542738537575057
2022-11-07,0.9568061679359999,1.0392497016232927
2022-11-08,0.55822828287599,0.9435246491500643
2022-11-09,-2.0996784712302397,0.8736583765972818
2022-11-10,5.39525156647968,1.249843176563133
2022-11-11,0.9198312304769999,2.5792378710218733
2022-11-14,-0.8975940544917901,0.9358167380695142
2022-11-15,0.86753764146685,0.9199799251306015
2022-11-16,-0.82862831118735,0.9253168390736678
2022-11-17,-0.30941046442301,0.907223508977976
2022-11-18,0.47472956481583994,0.8422764281521639
2022-11-21,-0.38912498002758,0.8630382404877619
2022-11-22,1.34886062698296,0.8483973253582001
2022-11-23,0.58972660417371,1.0382216357630898
2022-11-25,-0.02830842622021,0.8780491219586378
2022-11-28,-1.55646967940654,0.8327549417115659
2022-11-29,-0.15931337016237,1.0798971590651991
2022-11-30,3.0478643521295297,0.8348238199050246
2022-12-01,-0.08680098296061,1.6157844135177302
2022-12-02,-0.11953746637622001,0.8331639140887389
2022-12-05,-1.8056249630971501,0.8337555560872658
2022-12-06,-1.45038694229864,1.1545305583044458
2022-12-07,-0.18641072533824,1.050146741198168
2022-12-08,0.74936344139331,0.8357703989982895
2022-12-09,-0.7376719464211501,0.9033995430374221
2022-12-12,1.41783072996499,0.8917734669222542
2022-12-13,0.72632232554568,1.0570518237634434
2022-12-14,-0.60711166238363,0.8994303965558439
2022-12-15,-2.52374779018254,0.8724798084135127
2022-12-16,-1.1200239946012,1.3979569651611499
2022-12-19,-0.9048328941103599,0.9667815045592569
2022-12-20,0.10368006978893,0.9213692675109519
2022-12-21,1.47585486690555,0.8348866321643695
2022-12-22,-1.45571424981465,1.0733330399167917
2022-12-23,0.58509522719152,1.051609141385859
2022-12-27,-0.40578440346585,0.8773905412036319
2022-12-28,-1.2093470442948702,0.8498622963729413
2022-12-29,1.7310634314993498,0.9878094320140466
2022-12-30,-0.25439756461107,1.149257183876955
2023-01-03,-0.40085724812737,0.8389213892898185
2023-01-04,0.75106945621392,0.8494223907771351
2023-01-05,-1.17138691364573,0.9036974654823152
2023-01-06,2.2583835589031698,0.9787265365479619
2023-01-09,-0.07679273259917,1.324025888067093
2023-01-10,0.69539979705943,0.8330349623418164
2023-01-11,1.2767571192293599,0.8942648725185562
2023-01-12,0.34100849120424,1.0191749547268987
2023-01-13,0.39888921446563996,0.8492236572451056
2023-01-17,-0.20325554309969998,0.8547106751942689
2023-01-18,-1.5684966977744301,0.836447915588516
2023-01-19,-0.7667671901812,1.0833513121277372
2023-01-20,1.8741673552352,0.8965413137546928
2023-01-23,1.18113159513288,1.1945543088858932
2023-01-24,-0.07117563642928,0.9949854382486973
2023-01-25,-0.01817415734652,0.8329732509386797
2023-01-26,1.09477080291142,0.8327686459455054
2023-01-27,0.24917340217047,0.9742577637127453
2023-01-30,-1.30535693152928,0.8420994426811603
2023-01-31,1.45363044164188,1.0117061893519075
2023-02-01,1.03980562968857,1.0670508440812807
2023-02-02,1.45923846268534,0.9616510087902606
2023-02-03,-1.04085926372849,1.068630720534461
2023-02-06,-0.61593931939398,0.9491792984909244
2023-02-07,1.27903640373983,0.8736731946481171
2023-02-08,-1.11425730124121,1.0197666847128806
2023-02-09,-0.8869009831038,0.965465724675933
2023-02-10,0.21928557092181,0.9179449234268775
2023-02-13,1.1383569951155,0.8402064439534305
2023-02-14,-0.02804538554936,0.9845817787240733
2023-02-15,0.27693375330759,0.832754981645129
2023-02-16,-1.38846892048807,0.8440459284485442
2023-02-17,-0.27712421722831,1.0334058771601395
2023-02-21,-2.02447839734709,0.8402205934485667
2023-02-22,-0.15747954856433,1.224813537458543
2023-02-23,0.53152782632377,0.834766157676715
2023-02-24,-1.0593464619775599,0.8700999656244218
2023-02-27,0.30682925395524,0.9531998235686916
2023-02-28,-0.30406198309478,0.8463433946267264
2023-03-01,-0.47364642034928,0.841918878672045
2023-03-02,0.75535937311972,0.8564824175125105
2023-03-03,1.6018749176483298,0.904449062896234
2023-03-06,0.06869307788477,1.1099877917254073
2023-03-07,-1.54455904792634,0.8339100493897419
2023-03-08,0.14137941356029,1.0764923319018438
2023-03-09,-1.86318579454809,0.8362695577323009
2023-03-10,-1.4583969436067399,1.1726222589891664
2023-03-13,-0.15109018407386002,1.0523468667472997
2023-03-14,1.63423882353637,0.8345715967115594
2023-03-15,-0.70053639293536,1.119671311910854
2023-03-16,1.7409576249031298,0.8859319642925539
2023-03-17,-1.1080621273952902,1.1523304904427918
2023-03-20,0.88788696359412,0.9640579627104506
2023-03-21,1.28986475185577,0.9293459929923579
2023-03-22,-1.6600248639841502,1.022587234849244
2023-03-23,0.29800838691826004,1.1101508045970805
2023-03-24,0.5623963084302,0.8456438985811383
2023-03-27,0.16455995637673998,0.8742274533648515
2023-03-28,-0.15750832883885,0.8372894663666772
2023-03-29,1.41368707750473,0.8347670563647641
2023-03-30,0.56989991994829,1.055904243433436
2023-03-31,1.43333277820367,0.8752611515769484
2023-04-03,0.36920225658025,1.061363155541986
2023-04-04,-0.5813839745162099,0.8518012984858574
2023-04-05,-0.24954816571209001,0.8690960080477101
2023-04-06,0.35727731328023,0.8386600538930415
2023-04-10,0.09958070170092001,0.8506889068834331
2023-04-11,-0.004135333298194155,0.8347569052170731
2023-04-12,-0.41434563234615995,0.832828897728018
2023-04-13,1.3175510497831,0.8506398660292356
2023-04-14,-0.20715175845786002,1.0298686511431223
2023-04-17,0.33007035826155,0.8366143298021376
2023-04-18,0.08548548034656,0.8482726222792196
2023-04-19,-0.008426554794027652,0.8343418291727479
2023-04-20,-0.5970335188310399,0.8328053945278222
2023-04-21,0.09027812573005,0.871137524519722
2023-04-24,0.08512167782726,0.8344775754024016
2023-04-25,-1.59371838185773,0.834331751683121
2023-04-26,-0.38485835033448,1.090646677819991
2023-04-27,1.9377193402696902,0.8480323883536801
2023-04-28,0.8219331313243899,1.2152238257335568
2023-05-01,-0.03861810485101,0.9165552267298587
2023-05-02,-1.16539066805732,0.8327666323657328
2023-05-03,-0.7022908054892599,0.9773113797620189
2023-05-04,-0.7244913455062699,0.8862017101922822
2023-05-05,1.83061663818797,0.889668579757691
2023-05-08,0.04520264848828,1.1805811383252736
2023-05-09,-0.458993894906,0.8334206621340098
2023-05-10,0.44739422419137,0.8549650157964738
2023-05-11,-0.16980648897053002,0.859889864354478
2023-05-12,-0.15845615894392,0.8351693713304924
2023-05-15,0.29537976803161997,0.8347967649052381
2023-05-16,-0.63981076819175,0.845438941967972
2023-05-17,1.18206886220715,0.8769823197351522
2023-05-18,0.94007230637274,0.9952163522638222
2023-05-19,-0.14469138806756,0.9400075942377063
2023-05-22,0.01550226798023,0.8343866350707908
2023-05-23,-1.12854687682837,0.8329935770025542
2023-05-24,-0.73455126783059,0.9687356204074377
2023-05-25,0.8719456079012,0.8912719894758889
2023-05-26,1.29646809316401,0.9261834175244226
2023-05-30,0.0016603130665870935,1.0243148305727614
2023-05-31,-0.61273581862142,0.832867748185298
2023-06-01,0.9806215085854201,0.8732382213761639
2023-06-02,1.44298123901069,0.948610676179782
2023-06-05,-0.20055914906578,1.0640608007545649
2023-06-06,0.23511302338512,0.8363348810293604
2023-06-07,-0.38192939264209,0.841182642288849
2023-06-08,0.6169571607523799,0.8477842929297953
2023-06-09,0.11474010230507,0.882010980712681
2023-06-12,0.9277974981754801,0.8352568620823944
2023-06-13,0.6908570725908401,0.9374578029225201
2023-06-14,0.08190899801262999,0.8935217675466283
2023-06-15,1.21045804935899,0.8342441485997769
2023-06-16,-0.36783764677519,1.0022694982681715
2023-06-20,-0.47463538352356005,0.846618336276379
2023-06-21,-0.52590863669248,0.8565865656375697
2023-06-22,0.37039303873349,0.8622837116247479
2023-06-23,-0.7688288056503,0.8519141547902621
2023-06-26,-0.44969343631322,0.8968854427796877
2023-06-27,1.13907335241822,0.8540268879170967
2023-06-28,-0.035413938839030004,0.9847538179805984
2023-06-29,0.446356811449,0.8327602302669549
2023-06-30,1.21943502618862,0.8597736192810502
2023-07-03,0.11699930926720001,1.0045232936975987
2023-07-05,-0.19702580976126002,0.8353361160246406
2023-07-06,-0.7954061175894299,0.8361894039702166
2023-07-07,-0.28692127957334,0.9013955365581535
2023-07-10,0.24021386106269,0.8408184177979376
2023-07-11,0.67195839982545,0.841509855479558
2023-07-12,0.73839052353896,0.8904740255515238
2023-07-13,0.84344829896263,0.9014966115551575
2023-07-14,-0.10249321969073,0.9206421334712261
2023-07-17,0.38479695744210995,0.8334150698408369
2023-07-18,0.70920669414284,0.8533047626829419
2023-07-19,0.23551348272334,0.8965482611322689
2023-07-20,-0.6779827396258,0.8412081093122362
2023-07-21,0.03240420146131,0.8825198477837984
2023-07-24,0.40260384968746,0.8332103578455384
2023-07-25,0.28107195758391,0.8550887145250473
2023-07-26,-0.015545097867600001,0.8443515373958235
2023-07-27,-0.64453930551966,0.8327762817706185
2023-07-28,0.98293758104333,0.8776519270814588
2023-07-31,0.1467635436569,0.9491103026179261
2023-08-01,-0.26686453076827,0.8364949616515202
2023-08-02,-1.3936200638335399,0.8396189037865998
2023-08-03,-0.25512254502917,1.0347803095365453
2023-08-04,-0.5314169373939099,0.8389609395209211
2023-08-07,0.8983618964856801,0.8629302275198969
2023-08-08,-0.42272051000579997,0.931448335001194
2023-08-09,-0.70636191020465,0.8514166946107101
2023-08-10,0.02506825210808,0.8868300463053204
2023-08-11,-0.10702648992281999,0.8331077447895341
2023-08-14,0.57340048794181,0.8334987516488487
2023-08-15,-1.16181393960967,0.8757474274057401
2023-08-16,-0.75840817926238,0.9764698209033542
2023-08-17,-0.7742811377529,0.8951545098746786
2023-08-18,-0.01487178839578,0.8977995426870558
2023-08-21,0.68556348598001,0.8327785077147741
2023-08-22,-0.27813310465454,0.8926609624413115
2023-08-23,1.09843307107908,0.8402811075967903
2023-08-24,-1.35493539840076,0.9751142455381093
2023-08-25,0.6695501060296001,1.0245415951116652
2023-08-28,0.62450785941958,0.890090734724663
2023-08-29,1.44040687120572,0.8831365245431382
2023-08-30,0.38258541811924,1.0633399596600999
2023-08-31,-0.15982129743399,0.8530881987704095
2023-09-01,0.17975127655187,0.8348399346279994
2023-09-05,-0.42029978213822,0.8380276350958166
2023-09-06,-0.69960144914311,0.8511905131076608
2023-09-07,-0.32164331157336,0.8857884679580236
2023-09-08,0.14256060622575,0.8431194659713659
2023-09-11,0.67009514981357,0.836318411806693
2023-09-12,-0.57121690230044,0.8901773798148006
2023-09-13,0.12408621175339,0.8677977502932774
2023-09-14,0.83945855336668,0.8355927064752332
2023-09-15,-1.2234145842493,0.9198779360148199
2023-09-18,0.07210276941744,0.9912290795674933
2023-09-19,-0.21533273615332002,0.8339921991837171
2023-09-20,-0.9439204206291401,0.8369756012578129
2023-09-21,-1.6536918318488198,0.9290327996566735
2023-09-22,-0.22982374027602,1.10826805536658
2023-09-25,0.40149942038069997,0.8376548623328196
2023-09-26,-1.48441654822644,0.8549759924760645
2023-09-27,0.0229287772294,1.0595468407554585
2023-09-28,0.58758771430014,0.8330802804946477
2023-09-29,-0.27132596482903,0.8777444186088906
2023-10-02,0.007936440615274876,0.839877482808834
2023-10-03,-1.3839395863447699,0.8329190295179921
2023-10-04,0.80770476078289,1.0322001462678758
2023-10-05,-0.13048811469964,0.913898799751297
2023-10-06,1.17456420939614,0.8340114659549971
2023-10-09,0.62840681193883,0.9933709536488298
2023-10-10,0.51944760999855,0.8837222759911642
2023-10-11,0.42838195000952994,0.8685398533531409
2023-10-12,-0.62660249406558,0.8577973310813418
2023-10-13,-0.50314956602193,0.8751366006800445
2023-10-16,1.05386423025901,0.8596830876275147
2023-10-17,-0.009824987944462292,0.964830789535947
2023-10-18,-1.34904082511511,0.8327987026777047
2023-10-19,-0.85190323280581,1.0229984887808277
2023-10-20,-1.2665149196156,0.9114304115025138
2023-10-23,-0.16869920654353998,1.0018826623856574
2023-10-24,0.72395235196296,0.8351316536028628
2023-10-25,-1.4443434657238101,0.8990279264182137
2023-10-26,-1.19030812055846,1.0484919134074289
2023-10-27,-0.48118385786217,0.9832272845470786
2023-10-30,1.19384743002868,0.857281699849152
2023-10-31,0.64540848216871,0.9981288746662484
2023-11-01,1.04511949901926,0.886312567750134
2023-11-02,1.86829389340861,0.9628492490955693
2023-11-03,0.9349883544551499,1.1926605785169853
2023-11-06,0.17514577241009,0.9389484244682362
2023-11-07,0.28360934017115,0.837798022276365
2023-11-08,0.10044110324205001,0.8445409011642012
2023-11-09,-0.81166906990688,0.8347837967216301
2023-11-10,1.5495759270772,0.9042222530082106
2023-11-13,-0.08361884413705001,1.094568169502376
2023-11-14,1.8895370474577702,0.833120275388657
2023-11-15,0.15957382078468002,1.1995232459963021
2023-11-16,0.11897193967129001,0.83705921304857
2023-11-17,0.12812279371789,0.8354063225704367
2023-11-20,0.73631037937946,0.8357442619023709
2023-11-21,-0.20229759317569002,0.9011384698064264
2023-11-22,0.40529050943137995,0.8364075578240461
2023-11-24,0.05966956096443,0.8553640686392417
2023-11-27,-0.19560693168987,0.8337062348647651
2023-11-28,0.09796385280509,0.836131828899494
2023-11-29,-0.09466966151023,0.8347068548701871
2023-11-30,0.37769312649942,0.8332823806956121
2023-12-01,0.58565589538464,0.8526130561411877
2023-12-04,-0.54231880638262,0.8774700309770253
2023-12-05,-0.056903159393500005,0.8642293316527513
2023-12-06,-0.39138519449437,0.8328509471304499
2023-12-07,0.79366106848226,0.8485923449087776
2023-12-08,0.40871341465037997,0.9113133826464509
2023-12-11,0.39168135477805,0.8557172267209486
2023-12-12,0.45888127956921,0.8539859884398351
2023-12-13,1.35583451750207,0.861192891741462
2023-12-14,0.26435651851546,1.0400990393843874
2023-12-15,-0.007625240044895065,0.8431416643515409
2023-12-18,0.45181222634003,0.832809443344591
2023-12-19,0.58492674508201,0.860387575274969
2023-12-20,-1.47931479653067,0.8773666671129586
2023-12-21,1.02487693072728,1.0581287649016196
2023-12-22,0.16586821527599,0.9583086106747761
2023-12-26,0.42227610469786997,0.8373508655360496
2023-12-27,0.14294356164228,0.8571423452486503
2023-12-28,0.03701061103278,0.8363343227464027
2023-12-29,-0.28304770367348003,0.8332814703217174
2024-01-02,-0.56766607997218,0.8405793355852658
2024-01-03,-0.80486183271979,0.867349566910109
2024-01-04,-0.3434271663318,0.9030329231222026
2024-01-05,0.18240216394342,0.8447074828272079
2024-01-08,1.40159454363537,0.83816209390882
2024-01-09,-0.14789938523183,1.05256696563599
2024-01-10,0.56499806504959,0.8344781273196133
2024-01-11,-0.06712808369612999,0.8745845331726079
2024-01-12,0.07506937530337,0.8329335365043034
2024-01-16,-0.37383190523563004,0.834065963920949
2024-01-17,-0.56327312711079,0.8471086969066733
2024-01-18,0.87667207262427,0.86679884664086
2024-01-19,1.22383082325487,0.9271164268934784
2024-01-22,0.21919211872312,1.0056309975780067
2024-01-23,0.29171153407645,0.8402008560200567
2024-01-24,0.08115989762167,0.8451556100543833
2024-01-25,0.5246578134979499,0.8342240811525528
2024-01-26,-0.06519977554261999,0.8692089035522832
2024-01-29,0.7528365505246201,0.8329160164568086
2024-01-30,-0.060083039697999996,0.9040066383040649
2024-01-31,-1.6236851740732299,0.8328739087153769
2024-02-01,1.2416286114049702,1.099403984207979
2024-02-02,1.06277707226318,1.0101430765803507
2024-02-05,-0.31914247092839,0.96686272926944
2024-02-06,0.23077459317484,0.842944262780348
2024-02-07,0.82076825940085,0.8409091684469263
2024-02-08,0.05704205400913,0.9163363535597336
2024-02-09,0.57259171287942,0.833650596839581
2024-02-12,-0.0949404142652,0.8756348499029163
2024-02-13,-1.3768609419845,0.8332867245391788
2024-02-14,0.95341683042171,1.0303210273841317
2024-02-15,0.58043726740404,0.9428084932129414
2024-02-16,-0.48150435759612004,0.8767326795479198
2024-02-20,-0.60234264658181,0.857315967156471
2024-02-21,0.12634014951036,0.871841951067904
2024-02-22,2.09028886664039,0.8356768481243065
2024-02-23,0.03478870265016,1.2661059141333209
2024-02-26,-0.37939392446677,0.8332465259337558
2024-02-27,0.17048955387206,0.8475711246044237
2024-02-28,-0.16595313211116,0.8375710313826704
2024-02-29,0.52154704557985,0.8350393891428981
2024-03-01,0.79759364333877,0.8688087457896914
2024-03-04,-0.11939745749618,0.9120336857376787
2024-03-05,-1.02454062759189,0.8337524722704016
2024-03-06,0.51279328530018,0.94567700772674
2024-03-07,1.02514022849842,0.8676938259329515
2024-03-08,-0.65499229920504,0.9583672535619957
2024-03-11,-0.11228682680286,0.8791486444874718
2024-03-12,1.11395125866682,0.8336021030373615
2024-03-13,-0.19263840021217,0.9787659112370838
2024-03-14,-0.28752210514948,0.8360129370729384
2024-03-15,-0.65040228597386,0.8408558192399127
2024-03-18,0.6298184238481399,0.8784886327043957
2024-03-19,0.56332530443423,0.8839351098950349
2024-03-20,0.88647655163605,0.874354790782106
2024-03-21,0.3231309094529,0.9290643841050329
2024-03-22,-0.14031718343261,0.8476835283632309
2024-03-25,-0.30596403820322,0.8342658924652188
2024-03-26,-0.2803721982806,0.8420452612892839
2024-03-27,0.85935955827061,0.8404162716311497
2024-03-28,0.1115862700761,0.9237182109756346
2024-04-01,-0.20156145269573997,0.8351482819222409
2024-04-02,-0.7265388203672101,0.83637669441862
2024-04-03,0.10905275233383,0.8899932857327503
2024-04-04,-1.24110356192623,0.8350627951985562
2024-04-05,1.10380501356992,0.9955695268023852
2024-04-08,-0.03747011900419,0.9763742374730134
2024-04-09,0.14444494736345,0.8327640515744975
2024-04-10,-0.95019818322121,0.8363970415984052
2024-04-11,0.74172219833421,0.930288742484514
2024-04-12,-1.46575878022474,0.9020719593159497
2024-04-15,-1.20941957874602,1.054375780261571
2024-04-16,-0.20586245275033,0.9878269905461374
2024-04-17,-0.57973750760051,0.8365588580587965
2024-04-18,-0.22106017004848,0.8688842632401774
2024-04-19,-0.87971296540558,0.8372380673588341
2024-04-22,0.86933511568378,0.9165886314318499
2024-04-23,1.1893566567723102,0.9256697957845548
2024-04-24,0.02129873779317,0.9970161066403908
2024-04-25,-0.45869342701188,0.8330601021485677
2024-04-26,1.01573813323252,0.8549344036611667
2024-04-29,0.31734080766394,0.9562800468117534
2024-04-30,-1.5855551118928402,0.8472005004096737
2024-05-01,-0.34413534856305,1.088277848276837
2024-05-02,0.90870247250833,0.844760967927961
2024-05-03,1.24785576595094,0.9335424179910595
2024-05-06,1.02731736912478,1.0117320026465522
2024-05-07,0.13425282288253002,0.9588525800428548
2024-05-08,-0.0005835635194628708,0.835981914127815
2024-05-09,0.50780326391084,0.832851737724166
2024-05-10,0.16480400801661,0.8670656423041491
2024-05-13,-0.024133317386619998,0.8373008891190544
2024-05-14,0.48261485274547,0.8327575618834936
2024-05-15,1.16478277873,0.8639768593354875
2024-05-16,-0.2083837474089,0.9909778150044889
2024-05-17,0.11640956878941999,0.8366677080704734
2024-05-20,0.09159703084904,0.8353153090362033
2024-05-21,0.24987497668931,0.8345159062100532
2024-05-22,-0.27097912093515997,0.8421464078213189
2024-05-23,-0.74081622834718,0.8398572109459295
2024-05-24,0.69766490766731,0.8922806880641967
2024-05-28,0.024877090688590002,0.8946369173467623
2024-05-29,-0.7394317215743099,0.8331052456255834
2024-05-30,-0.59929575357529,0.8920571047161097
2024-05-31,0.7995824231928199,0.8714369513011654
2024-06-03,0.11154602235343,0.9123990476899259
2024-06-04,0.15016810037842002,0.8351469117711331
2024-06-05,1.17780158499556,0.8366410823164603
2024-06-06,-0.01998366016362,0.9941660390890799
2024-06-07,-0.11158420502788,0.8327643671249831
2024-06-10,0.25775299782412997,0.8335879101059664
2024-06-11,0.27067148552095,0.8426817254078703
2024-06-12,0.8467720241887,0.8435910645233895
2024-06-13,0.23419114371172,0.9212809492126831
2024-06-14,-0.03939382809985,0.8411241596285112
2024-06-17,0.76351643723207,0.8327685577424291
2024-06-18,0.25181541815175,0.9058878185652005
2024-06-20,-0.25291273954124,0.8422769085712614
2024-06-21,-0.15633517188238,0.8388407771767437
2024-06-24,-0.3069879155868,0.8347305856594691
2024-06-25,0.39258736791828996,0.8421136455502019
2024-06-26,0.15711962247202002,0.8540764368448741
2024-06-27,0.09069098567984,0.8369480675940172
2024-06-28,-0.40920134623689003,0.8344895289770358
2024-07-01,0.26719909814296,0.8501706300224386
2024-07-02,0.61762057711849,0.8433427988545853
2024-07-03,0.5071562269533201,0.8821094057545622
2024-07-05,0.5433974360968801,0.8669845808582
2024-07-08,0.10161824764053999,0.8716631878983235
2024-07-09,0.07407974780644,0.8348208774572441
2024-07-10,1.0156314878106,0.8340411199669806
2024-07-11,-0.8801649969266001,0.9562564534556646
2024-07-12,0.55018640249642,0.9166736470477442
2024-07-15,0.28222164233540004,0.8725707348346594
2024-07-16,0.63690499714521,0.8444371517965648
2024-07-17,-1.40254415236444,0.8850096965288253
2024-07-18,-0.78471121453507,1.0371693962330593
2024-07-19,-0.71658792264059,0.8995642380970429
2024-07-22,1.0734217246220301,0.8884230396316911
2024-07-23,-0.15593176939461,0.9693056548909627
2024-07-24,-2.34212422228932,0.8347181216137197
2024-07-25,-0.51558890197167,1.3331919733467072
2024-07-26,1.10294204095708,0.8610903761358015
2024-07-29,0.08129795718279001,0.9761715327534185
2024-07-30,-0.49725143613663,0.8342277693878769
2024-07-31,1.56699807019169,0.8590277649240718
2024-08-01,-1.37881237919899,1.0996729012692963
2024-08-02,-1.85529066085532,1.0308384209883545
2024-08-05,-3.0427041392392997,1.1701233880386286
2024-08-06,1.03008494935998,1.5916451082630692
2024-08-07,-0.77647153887703,0.9594706169320719
2024-08-08,2.2781139590898998,0.8981683956912414
2024-08-09,0.46607984343811004,1.3309410420616936
2024-08-12,0.0043033051721153015,0.8620242554299297
2024-08-13,1.6707233419049599,0.8328881765014233
2024-08-14,0.38164365611983,1.1307132964326059
2024-08-15,1.6004489931304902,0.8529963130697292
2024-08-16,0.19878023683954,1.1095635984817536
2024-08-19,0.96753274361773,0.8390299665720321
2024-08-20,-0.19865272376087,0.9458037788696494
2024-08-21,0.42307147210056,0.8362560159160333
2024-08-22,-0.89729422566566,0.8572271951981038
2024-08-23,1.14179374016636,0.9199225828997221
2024-08-26,-0.31587101696057,0.9854078293198844
2024-08-27,0.15939251127239001,0.842717286543
2024-08-28,-0.59939007947349,0.837050952570066
2024-08-29,-0.003937984343771461,0.8714494597661827
2024-08-30,1.00424570791446,0.8328300863168043
2024-09-03,-2.1377963372398003,0.9537480940469855
2024-09-04,-0.16038290273812,1.2626873142102835
2024-09-05,-0.30225810146742,0.8348578248646911
2024-09-06,-1.7410944507423298,0.8417998059422641
2024-09-09,1.15135344358172,1.1346085482117436
2024-09-10,0.4462699977795,0.9877146899305467
2024-09-11,1.0608555649842,0.859763902343999
2024-09-12,0.7467352156803301,0.9664236196698012
2024-09-13,0.53931422343556,0.9029416596039542
2024-09-16,0.12558408673104,0.8711220509605044
2024-09-17,0.026451509389600003,0.8356484872755054
2024-09-18,-0.29006587083131,0.8331260934221792
2024-09-19,1.68343568927262,0.8410151136716666
2024-09-20,-0.19429136300157002,1.1345912485663052
2024-09-23,0.28053344257123997,0.8360788781058176
2024-09-24,0.25080311033462,0.844311541472729
2024-09-25,-0.18629832062124,0.8422087172521051
2024-09-26,0.40305421581994005,0.8357661070822247
2024-09-27,-0.12540029000724,0.8551347591838111
2024-09-30,0.42276036584407,0.8338889537772978
2024-10-01,-0.9367848694454299,0.8571939895228262
2024-10-02,0.013838132698750002,0.9276136303242614
2024-10-03,-0.16828286544594,0.8329759864822988
2024-10-04,0.8930255699185701,0.8351175481237939
2024-10-07,-0.96322638293884,0.9303749313073619
2024-10-08,0.9642706804694199,0.9329171012539245
2024-10-09,0.70882310169952,0.9451086442049829
2024-10-10,-0.20722685059819,0.8964843193733404
2024-10-11,0.60336087072982,0.8366175728934879
2024-10-14,0.76781145745936,0.8800137104877974
2024-10-15,-0.76385660375137,0.9066504373114532
2024-10-16,0.46682327827801995,0.8960568834184357
2024-10-17,-0.01711751285373,0.8621107627979181
2024-10-18,0.39636869427734,0.8327715128132845
2024-10-21,-0.18244327564183,0.8544559286922467
2024-10-22,-0.04749666671965,0.8356207513435201
2024-10-23,-0.9233824267679901,0.8327974176282954
2024-10-24,0.21434731305571003,0.9249723090826171
2024-10-25,-0.02994920131857,0.8399139968270865
2024-10-28,0.26479346267329,0.8327550725013763
2024-10-29,0.16128259449015,0.8431724584015369
2024-10-30,-0.33056916724891,0.8371374516538995
2024-10-31,-1.87901349287447,0.843756736375892
2024-11-01,0.40841580045256,1.1776481677488362
2024-11-04,-0.28160448131906,0.8556864160919879
2024-11-05,1.21910310295625,0.8404911651901575
2024-11-06,2.49812809571867,1.0044397604520066
2024-11-07,0.74037541739961,1.4095442771054398
2024-11-08,0.3749794035718,0.9018391273830025
2024-11-11,0.09685941909562,0.8523518357934552
2024-11-12,-0.28968514769367,0.8346730295233187
2024-11-13,0.02322007641417,0.8409911749669675
2024-11-14,-0.60681085822444,0.8330839544891062
2024-11-15,-1.3291430866793499,0.8724394335247089
2024-11-18,0.39101597462066995,1.017823361959018
2024-11-19,0.39557505205962,0.8539196806226571
2024-11-20,0.002195062133480974,0.8543760121054994
2024-11-21,0.53262518442878,0.8328717443446232
2024-11-22,0.34619595915366,0.8702432293437946
2024-11-25,0.3015927820126,0.8496842888877227
2024-11-26,0.5705697155262199,0.8459259643324736
2024-11-27,-0.38084810835776,0.8753539967015983
2024-11-29,0.5592120396801901,0.8476932031529156
2024-12-02,0.24454638805817003,0.8737923630968616
2024-12-03,0.04513472420217,0.8417925994613902
2024-12-04,0.60331816281369,0.8334194410654068
2024-12-05,-0.18715258393822,0.8800074966655804
2024-12-06,0.24923453675373,0.8357988014032788
2024-12-09,-0.61631672852264,0.8421035305774962
2024-12-10,-0.29682843142797,0.8737245818776108
2024-12-11,0.8132626411368801,0.8414460233353854
2024-12-12,-0.5428731461464,0.9149320360766637
2024-12-13,-0.002646698937169845,0.8642960806439283
2024-12-16,0.37921550087851,0.832838097145398
2024-12-17,-0.38714794806562,0.8527603292628334
2024-12-18,-2.9936505304517502,0.8482277032481574
2024-12-19,-0.08654867505377,1.57287362756888
2024-12-20,1.08104794023979,0.8331603642584312
2024-12-23,0.72608495856165,0.9710666084831422
2024-12-24,1.09822331651265,0.8993900378875145
2024-12-26,-0.0405741088258,0.9750651360673948
2024-12-27,-1.11173049649124,0.8327717679913264
2024-12-30,-1.07596739417292,0.96489082066775
2024-12-31,-0.42940064589824,0.9568618202057473
